{
    "condition": "minecraft:alternative",
    "terms": [
      {
        "condition": "minecraft:location_check",
        "offsetY": 1,
        "predicate": {
          "block": {
            "state": {
              "waterlogged": true
            }
          }
        }
      },
      {
        "condition": "minecraft:location_check",
        "offsetY": 1,
        "predicate": {
          "fluid": {
            "tag": "minecraft:water"
          }
        }
      }
    ]
  }