[
    {
      "condition": "minecraft:inverted",
      "term": {
        "condition": "minecraft:alternative",
        "terms": [
          {
            "condition": "minecraft:entity_properties",
            "entity": "this",
            "predicate": {
                "effects": {
                    "minecraft:fire_resistance": {}
                }
            }
          },
          {
            "condition": "minecraft:location_check",
            "predicate": {
              "fluid": {
                "tag": "minecraft:water"
              }
            }
          },
          {
            "condition": "minecraft:weather_check",
            "thundering": true
          },
          {
            "condition": "minecraft:weather_check",
            "raining": true
          }
        ]
      }
    }
  ]