{
    "rewards": {
        "function": "ps_common_status:iron_strike"
      },
    "criteria": {
        "IronStrike": {
            "trigger": "minecraft:entity_hurt_player",
            "conditions": {
                "damage": {
                    "type": {
                        "source_entity": {
                            "equipment": {
                                "mainhand": {
                                    "tag": "minecraft:iron_items"
                                }
                            }
                        }
                    }
                }
            }
        }
    }
}