[
    {
    "condition": "minecraft:alternative",
    "terms": [
        {
            "condition": "minecraft:alternative",
            "terms": [
            {
                "condition": "minecraft:location_check",
                "predicate": {
                "dimension": "minecraft:the_nether"
                }
            },
            {
                "condition": "minecraft:location_check",
                "predicate": {
                "dimension": "minecraft:the_end"
                }
            }
            ]
        },
        {
            "condition": "minecraft:alternative",
            "terms": [
            {
                "condition": "minecraft:location_check",
                "predicate": {
                    "biome": "minecraft:shattered_savanna_plateau"
                }
            },
            {
                "condition": "minecraft:location_check",
                "predicate": {
                    "biome": "minecraft:shattered_savanna"
                }
            },
            {
                "condition": "minecraft:location_check",
                "predicate": {
                    "biome": "minecraft:savanna_plateau"
                }
            },
            {
                "condition": "minecraft:location_check",
                "predicate": {
                    "biome": "minecraft:savanna"
                }
            },
            {
                "condition": "minecraft:location_check",
                "predicate": {
                    "biome": "minecraft:modified_wooded_badlands_plateau"
                }
            },
            {
                "condition": "minecraft:location_check",
                "predicate": {
                    "biome": "minecraft:modified_badlands_plateau"
                }
            },
            {
                "condition": "minecraft:location_check",
                "predicate": {
                    "biome": "minecraft:eroded_badlands"
                }
            },
            {
                "condition": "minecraft:location_check",
                "predicate": {
                    "biome": "minecraft:desert_lakes"
                }
            },
            {
                "condition": "minecraft:location_check",
                "predicate": {
                    "biome": "minecraft:desert_hills"
                }
            },
            {
                "condition": "minecraft:location_check",
                "predicate": {
                    "biome": "minecraft:desert"
                }
            },
            {
                "condition": "minecraft:location_check",
                "predicate": {
                    "biome": "minecraft:badlands_plateau"
                }
            },
            {
                "condition": "minecraft:location_check",
                "predicate": {
                    "biome": "minecraft:badlands"
                }
            }
            ]
        }
    ]
    }
  ]