[
    {
    "condition": "minecraft:alternative",
    "terms": [
        {
            "condition": "minecraft:alternative",
            "terms": [
            {
                "condition": "minecraft:location_check",
                "predicate": {
                  "biome": "minecraft:snowy_tundra"
                }
            },
            {
                "condition": "minecraft:location_check",
                "predicate": {
                  "biome": "minecraft:snowy_taiga_mountains"
                }
            },
            {
                "condition": "minecraft:location_check",
                "predicate": {
                  "biome": "minecraft:snowy_taiga_hills"
                }
            },
            {
                "condition": "minecraft:location_check",
                "predicate": {
                  "biome": "minecraft:snowy_taiga"
                }
            },
            {
                "condition": "minecraft:location_check",
                "predicate": {
                  "biome": "minecraft:snowy_mountains"
                }
            },
            {
                "condition": "minecraft:location_check",
                "predicate": {
                  "biome": "minecraft:snowy_beach"
                }
            }
            ]
        },
        {
            "condition": "minecraft:alternative",
            "terms": [
            {
                "condition": "minecraft:location_check",
                "predicate": {
                    "position": {
                    "y": {
                        "min": 90
                    }
                    },
                    "biome": "minecraft:stone_shore"
                }
            },
            {
                "condition": "minecraft:location_check",
                "predicate": {
                    "position": {
                    "y": {
                        "min": 90
                    }
                    },
                    "biome": "minecraft:wooded_mountains"
                }
            },
            {
                "condition": "minecraft:location_check",
                "predicate": {
                    "position": {
                    "y": {
                        "min": 90
                    }
                    },
                    "biome": "minecraft:taiga_mountains"
                }
            },
            {
                "condition": "minecraft:location_check",
                "predicate": {
                    "position": {
                    "y": {
                        "min": 90
                    }
                    },
                    "biome": "minecraft:mountains"
                }
            },
            {
                "condition": "minecraft:location_check",
                "predicate": {
                    "position": {
                    "y": {
                        "min": 90
                    }
                    },
                    "biome": "minecraft:modified_gravelly_mountains"
                }
            },
            {
                "condition": "minecraft:location_check",
                "predicate": {
                    "position": {
                    "y": {
                        "min": 90
                    }
                    },
                    "biome": "minecraft:gravelly_mountains"
                }
            }
            ]
        },
        {
            "condition": "minecraft:alternative",
            "terms": [
            {
                "condition": "minecraft:location_check",
                "predicate": {
                    "position": {
                    "y": {
                        "min": 150
                    }
                    },
                    "biome": "minecraft:giant_tree_taiga_hills"
                }
            },
            {
                "condition": "minecraft:location_check",
                "predicate": {
                    "position": {
                    "y": {
                        "min": 150
                    }
                    },
                    "biome": "minecraft:giant_tree_taiga"
                }
            },
            {
                "condition": "minecraft:location_check",
                "predicate": {
                    "position": {
                    "y": {
                        "min": 120
                    }
                    },
                    "biome": "minecraft:taiga_mountains"
                }
            },
            {
                "condition": "minecraft:location_check",
                "predicate": {
                    "position": {
                    "y": {
                        "min": 120
                    }
                    },
                    "biome": "minecraft:taiga_hills"
                }
            },
            {
                "condition": "minecraft:location_check",
                "predicate": {
                    "position": {
                    "y": {
                        "min": 120
                    }
                    },
                    "biome": "minecraft:taiga"
                }
            },
            {
                "condition": "minecraft:location_check",
                "predicate": {
                    "position": {
                    "y": {
                        "min": 120
                    }
                    },
                    "biome": "minecraft:giant_spruce_taiga_hills"
                }
            },
            {
                "condition": "minecraft:location_check",
                "predicate": {
                    "position": {
                    "y": {
                        "min": 120
                    }
                    },
                    "biome": "minecraft:giant_spruce_taiga"
                }
            }
            ]
        }
    ]
    }
  ]