{
  "condition": "minecraft:alternative",
  "terms": [
    {
      "condition": "minecraft:entity_scores",
      "entity": "this",
      "scores": {
        "ps_A_D_Haste": {
          "min": 1,
          "max": 999
        }
      }
    },
    {
      "condition": "minecraft:entity_scores",
      "entity": "this",
      "scores": {
        "ps_A_D_NightVis": {
          "min": 1,
          "max": 999
        }
      }
    },
    {
      "condition": "minecraft:entity_scores",
      "entity": "this",
      "scores": {
        "ps_A_D_Resist": {
          "min": 1,
          "max": 999
        }
      }
    }
  ]
}